"TabName","AssumptionID","Address","Value"
"Assumptions","FederalTaxRate","$C$3","0.21"
"Assumptions","ScenarioName","$C$4","Base"
"Assumptions","ActiveProgramCount","$C$5","10"
"UW Inputs","UWIN_S1P1_BU","$B$6","VI"
"UW Inputs","UWIN_S1P1_NAME","$C$6","Refund Protection"
"UW Inputs","UWIN_S1P1_TERM","$D$6","3"
"UW Inputs","UWIN_S1P1_GWP1","$E$6","0"
"UW Inputs","UWIN_S1P1_GWP2","$F$6","0"
"UW Inputs","UWIN_S1P1_GWP3","$G$6","2544000"
"UW Inputs","UWIN_S1P1_GWP4","$H$6","1272000"
"UW Inputs","UWIN_S1P1_GWP5","$I$6","1653600"
"UW Inputs","UWIN_S1P1_GWP6","$J$6","1653600"
"UW Inputs","UWIN_S1P1_GWP7","$K$6","3307200"
"UW Inputs","UWIN_S1P1_GWP8","$L$6","1653600"
"UW Inputs","UWIN_S1P1_GWP9","$M$6","2480400"
"UW Inputs","UWIN_S1P1_GWP10","$N$6","2480400"
"UW Inputs","UWIN_S1P1_GWP11","$O$6","4960800"
"UW Inputs","UWIN_S1P1_GWP12","$P$6","2480400"
"UW Inputs","UWIN_S1P1_GWP13","$Q$6","3720600"
"UW Inputs","UWIN_S1P1_GWP14","$R$6","3720600"
"UW Inputs","UWIN_S1P1_GWP15","$S$6","7441200"
"UW Inputs","UWIN_S1P1_GWP16","$T$6","3720600"
"UW Inputs","UWIN_S1P1_GWP17","$U$6","5580900"
"UW Inputs","UWIN_S1P1_GWP18","$V$6","5580900"
"UW Inputs","UWIN_S1P1_GWP19","$W$6","11161800"
"UW Inputs","UWIN_S1P1_GWP20","$X$6","5580900"
"UW Inputs","UWIN_S1P1_GROW","$Y$6","0"
"UW Inputs","UWIN_S2P1_COMM1","$E$19","0.6"
"UW Inputs","UWIN_S2P1_COMM2","$F$19","0.6"
"UW Inputs","UWIN_S2P1_COMM3","$G$19","0.6"
"UW Inputs","UWIN_S2P1_COMM4","$H$19","0.6"
"UW Inputs","UWIN_S2P1_COMM5","$I$19","0.6"
"UW Inputs","UWIN_S3P1A_PAT","$D$32","Property"
"UW Inputs","UWIN_S3P1A_LD","$E$32","10"
"UW Inputs","UWIN_S3P1A_CD","$F$32","10"
"UW Inputs","UWIN_S3P1A_ELR1","$G$32","0.2"
"UW Inputs","UWIN_S3P1A_ELR2","$H$32","0.2"
"UW Inputs","UWIN_S3P1A_ELR3","$I$32","0.2"
"UW Inputs","UWIN_S3P1A_ELR4","$J$32","0.2"
"UW Inputs","UWIN_S3P1A_SEV","$K$32","2000"
"UW Inputs","UWIN_S3P1S_PAT","$D$33","Property"
"UW Inputs","UWIN_S3P1S_LD","$E$33","10"
"UW Inputs","UWIN_S3P1S_CD","$F$33","10"
"UW Inputs","UWIN_S3P1S_ELR1","$G$33","0"
"UW Inputs","UWIN_S3P1S_ELR2","$H$33","0"
"UW Inputs","UWIN_S3P1S_ELR3","$I$33","0"
"UW Inputs","UWIN_S3P1S_ELR4","$J$33","0"
"UW Inputs","UWIN_S3P1S_SEV","$K$33","2000"
"UW Inputs","UWIN_S3P1C_PAT","$D$34","Property"
"UW Inputs","UWIN_S3P1C_LD","$E$34","10"
"UW Inputs","UWIN_S3P1C_CD","$F$34","10"
"UW Inputs","UWIN_S3P1C_ELR1","$G$34","0"
"UW Inputs","UWIN_S3P1C_ELR2","$H$34","0"
"UW Inputs","UWIN_S3P1C_ELR3","$I$34","0"
"UW Inputs","UWIN_S3P1C_ELR4","$J$34","0"
"UW Inputs","UWIN_S3P1C_SEV","$K$34","2000"
"UW Inputs","UWIN_S4P1_CEDE1","$E$65","1"
"UW Inputs","UWIN_S4P1_COMM1","$F$65","0.6"
"UW Inputs","UWIN_S4P1_FEE1","$G$65","0.05"
"UW Inputs","UWIN_S4P1_CEDE2","$H$65","1"
"UW Inputs","UWIN_S4P1_COMM2","$I$65","0.6"
"UW Inputs","UWIN_S4P1_FEE2","$J$65","0.05"
"UW Inputs","UWIN_S4P1_CEDE3","$K$65","1"
"UW Inputs","UWIN_S4P1_COMM3","$L$65","0.6"
"UW Inputs","UWIN_S4P1_FEE3","$M$65","0.05"
"UW Inputs","UWIN_S4P1_CEDE4","$N$65","0.9"
"UW Inputs","UWIN_S4P1_COMM4","$O$65","0.6"
"UW Inputs","UWIN_S4P1_FEE4","$P$65","0.05"
"UW Inputs","UWIN_S4P1_CEDE5","$Q$65","0.8"
"UW Inputs","UWIN_S4P1_COMM5","$R$65","0.6"
"UW Inputs","UWIN_S4P1_FEE5","$S$65","0.05"
"UW Inputs","UWIN_S5P1_CAT1","$E$78","0"
"UW Inputs","UWIN_S5P1_OTH1","$J$78","0"
"UW Inputs","UWIN_S5P1_CAT2","$F$78","0"
"UW Inputs","UWIN_S5P1_OTH2","$K$78","0"
"UW Inputs","UWIN_S5P1_CAT3","$G$78","0"
"UW Inputs","UWIN_S5P1_OTH3","$L$78","0"
"UW Inputs","UWIN_S5P1_CAT4","$H$78","0"
"UW Inputs","UWIN_S5P1_OTH4","$M$78","0"
"UW Inputs","UWIN_S5P1_CAT5","$I$78","0"
"UW Inputs","UWIN_S5P1_OTH5","$N$78","0"
"UW Inputs","UWIN_S1P2_BU","$B$7","VI"
"UW Inputs","UWIN_S1P2_NAME","$C$7","Accident and Injury"
"UW Inputs","UWIN_S1P2_TERM","$D$7","3"
"UW Inputs","UWIN_S1P2_GWP1","$E$7","0"
"UW Inputs","UWIN_S1P2_GWP2","$F$7","0"
"UW Inputs","UWIN_S1P2_GWP3","$G$7","1660000"
"UW Inputs","UWIN_S1P2_GWP4","$H$7","664000"
"UW Inputs","UWIN_S1P2_GWP5","$I$7","365200"
"UW Inputs","UWIN_S1P2_GWP6","$J$7","730400"
"UW Inputs","UWIN_S1P2_GWP7","$K$7","1826000"
"UW Inputs","UWIN_S1P2_GWP8","$L$7","730400"
"UW Inputs","UWIN_S1P2_GWP9","$M$7","547800"
"UW Inputs","UWIN_S1P2_GWP10","$N$7","1095600"
"UW Inputs","UWIN_S1P2_GWP11","$O$7","2739000"
"UW Inputs","UWIN_S1P2_GWP12","$P$7","1095600"
"UW Inputs","UWIN_S1P2_GWP13","$Q$7","821700"
"UW Inputs","UWIN_S1P2_GWP14","$R$7","1643400"
"UW Inputs","UWIN_S1P2_GWP15","$S$7","4108500"
"UW Inputs","UWIN_S1P2_GWP16","$T$7","1643400"
"UW Inputs","UWIN_S1P2_GWP17","$U$7","1232550"
"UW Inputs","UWIN_S1P2_GWP18","$V$7","2465100"
"UW Inputs","UWIN_S1P2_GWP19","$W$7","6162750"
"UW Inputs","UWIN_S1P2_GWP20","$X$7","2465100"
"UW Inputs","UWIN_S1P2_GROW","$Y$7","0"
"UW Inputs","UWIN_S2P2_COMM1","$E$20","0.5"
"UW Inputs","UWIN_S2P2_COMM2","$F$20","0.5"
"UW Inputs","UWIN_S2P2_COMM3","$G$20","0.5"
"UW Inputs","UWIN_S2P2_COMM4","$H$20","0.5"
"UW Inputs","UWIN_S2P2_COMM5","$I$20","0.5"
"UW Inputs","UWIN_S3P2A_PAT","$D$35","Casualty"
"UW Inputs","UWIN_S3P2A_LD","$E$35","10"
"UW Inputs","UWIN_S3P2A_CD","$F$35","10"
"UW Inputs","UWIN_S3P2A_ELR1","$G$35","0.4"
"UW Inputs","UWIN_S3P2A_ELR2","$H$35","0.4"
"UW Inputs","UWIN_S3P2A_ELR3","$I$35","0.4"
"UW Inputs","UWIN_S3P2A_ELR4","$J$35","0.4"
"UW Inputs","UWIN_S3P2A_SEV","$K$35","2000"
"UW Inputs","UWIN_S3P2S_PAT","$D$36","Casualty"
"UW Inputs","UWIN_S3P2S_LD","$E$36","10"
"UW Inputs","UWIN_S3P2S_CD","$F$36","10"
"UW Inputs","UWIN_S3P2S_ELR1","$G$36","0"
"UW Inputs","UWIN_S3P2S_ELR2","$H$36","0"
"UW Inputs","UWIN_S3P2S_ELR3","$I$36","0"
"UW Inputs","UWIN_S3P2S_ELR4","$J$36","0"
"UW Inputs","UWIN_S3P2S_SEV","$K$36","2000"
"UW Inputs","UWIN_S3P2C_PAT","$D$37","Casualty"
"UW Inputs","UWIN_S3P2C_LD","$E$37","10"
"UW Inputs","UWIN_S3P2C_CD","$F$37","10"
"UW Inputs","UWIN_S3P2C_ELR1","$G$37","0"
"UW Inputs","UWIN_S3P2C_ELR2","$H$37","0"
"UW Inputs","UWIN_S3P2C_ELR3","$I$37","0"
"UW Inputs","UWIN_S3P2C_ELR4","$J$37","0"
"UW Inputs","UWIN_S3P2C_SEV","$K$37","2000"
"UW Inputs","UWIN_S4P2_CEDE1","$E$66","1"
"UW Inputs","UWIN_S4P2_COMM1","$F$66","0.5"
"UW Inputs","UWIN_S4P2_FEE1","$G$66","0.05"
"UW Inputs","UWIN_S4P2_CEDE2","$H$66","1"
"UW Inputs","UWIN_S4P2_COMM2","$I$66","0.5"
"UW Inputs","UWIN_S4P2_FEE2","$J$66","0.05"
"UW Inputs","UWIN_S4P2_CEDE3","$K$66","1"
"UW Inputs","UWIN_S4P2_COMM3","$L$66","0.5"
"UW Inputs","UWIN_S4P2_FEE3","$M$66","0.05"
"UW Inputs","UWIN_S4P2_CEDE4","$N$66","0.9"
"UW Inputs","UWIN_S4P2_COMM4","$O$66","0.5"
"UW Inputs","UWIN_S4P2_FEE4","$P$66","0.05"
"UW Inputs","UWIN_S4P2_CEDE5","$Q$66","0.8"
"UW Inputs","UWIN_S4P2_COMM5","$R$66","0.5"
"UW Inputs","UWIN_S4P2_FEE5","$S$66","0.05"
"UW Inputs","UWIN_S5P2_CAT1","$E$79","0"
"UW Inputs","UWIN_S5P2_OTH1","$J$79","0"
"UW Inputs","UWIN_S5P2_CAT2","$F$79","0"
"UW Inputs","UWIN_S5P2_OTH2","$K$79","0"
"UW Inputs","UWIN_S5P2_CAT3","$G$79","0"
"UW Inputs","UWIN_S5P2_OTH3","$L$79","0"
"UW Inputs","UWIN_S5P2_CAT4","$H$79","0"
"UW Inputs","UWIN_S5P2_OTH4","$M$79","0"
"UW Inputs","UWIN_S5P2_CAT5","$I$79","0"
"UW Inputs","UWIN_S5P2_OTH5","$N$79","0"
"UW Inputs","UWIN_S1P3_BU","$B$8","VI"
"UW Inputs","UWIN_S1P3_NAME","$C$8","Event Cancellation"
"UW Inputs","UWIN_S1P3_TERM","$D$8","3"
"UW Inputs","UWIN_S1P3_GWP1","$E$8","0"
"UW Inputs","UWIN_S1P3_GWP2","$F$8","0"
"UW Inputs","UWIN_S1P3_GWP3","$G$8","400000"
"UW Inputs","UWIN_S1P3_GWP4","$H$8","360000"
"UW Inputs","UWIN_S1P3_GWP5","$I$8","480000"
"UW Inputs","UWIN_S1P3_GWP6","$J$8","600000"
"UW Inputs","UWIN_S1P3_GWP7","$K$8","720000"
"UW Inputs","UWIN_S1P3_GWP8","$L$8","840000"
"UW Inputs","UWIN_S1P3_GWP9","$M$8","720000"
"UW Inputs","UWIN_S1P3_GWP10","$N$8","900000"
"UW Inputs","UWIN_S1P3_GWP11","$O$8","1080000"
"UW Inputs","UWIN_S1P3_GWP12","$P$8","1260000"
"UW Inputs","UWIN_S1P3_GWP13","$Q$8","1080000"
"UW Inputs","UWIN_S1P3_GWP14","$R$8","1350000"
"UW Inputs","UWIN_S1P3_GWP15","$S$8","1620000"
"UW Inputs","UWIN_S1P3_GWP16","$T$8","1890000"
"UW Inputs","UWIN_S1P3_GWP17","$U$8","1620000"
"UW Inputs","UWIN_S1P3_GWP18","$V$8","2025000"
"UW Inputs","UWIN_S1P3_GWP19","$W$8","2430000"
"UW Inputs","UWIN_S1P3_GWP20","$X$8","2835000"
"UW Inputs","UWIN_S1P3_GROW","$Y$8","0"
"UW Inputs","UWIN_S2P3_COMM1","$E$21","0.3"
"UW Inputs","UWIN_S2P3_COMM2","$F$21","0.3"
"UW Inputs","UWIN_S2P3_COMM3","$G$21","0.3"
"UW Inputs","UWIN_S2P3_COMM4","$H$21","0.3"
"UW Inputs","UWIN_S2P3_COMM5","$I$21","0.3"
"UW Inputs","UWIN_S3P3A_PAT","$D$38","Property"
"UW Inputs","UWIN_S3P3A_LD","$E$38","10"
"UW Inputs","UWIN_S3P3A_CD","$F$38","10"
"UW Inputs","UWIN_S3P3A_ELR1","$G$38","0.5"
"UW Inputs","UWIN_S3P3A_ELR2","$H$38","0.5"
"UW Inputs","UWIN_S3P3A_ELR3","$I$38","0.5"
"UW Inputs","UWIN_S3P3A_ELR4","$J$38","0.5"
"UW Inputs","UWIN_S3P3A_SEV","$K$38","2000"
"UW Inputs","UWIN_S3P3S_PAT","$D$39","Property"
"UW Inputs","UWIN_S3P3S_LD","$E$39","10"
"UW Inputs","UWIN_S3P3S_CD","$F$39","10"
"UW Inputs","UWIN_S3P3S_ELR1","$G$39","0"
"UW Inputs","UWIN_S3P3S_ELR2","$H$39","0"
"UW Inputs","UWIN_S3P3S_ELR3","$I$39","0"
"UW Inputs","UWIN_S3P3S_ELR4","$J$39","0"
"UW Inputs","UWIN_S3P3S_SEV","$K$39","2000"
"UW Inputs","UWIN_S3P3C_PAT","$D$40","Property"
"UW Inputs","UWIN_S3P3C_LD","$E$40","10"
"UW Inputs","UWIN_S3P3C_CD","$F$40","10"
"UW Inputs","UWIN_S3P3C_ELR1","$G$40","0"
"UW Inputs","UWIN_S3P3C_ELR2","$H$40","0"
"UW Inputs","UWIN_S3P3C_ELR3","$I$40","0"
"UW Inputs","UWIN_S3P3C_ELR4","$J$40","0"
"UW Inputs","UWIN_S3P3C_SEV","$K$40","2000"
"UW Inputs","UWIN_S4P3_CEDE1","$E$67","1"
"UW Inputs","UWIN_S4P3_COMM1","$F$67","0.3"
"UW Inputs","UWIN_S4P3_FEE1","$G$67","0.05"
"UW Inputs","UWIN_S4P3_CEDE2","$H$67","1"
"UW Inputs","UWIN_S4P3_COMM2","$I$67","0.3"
"UW Inputs","UWIN_S4P3_FEE2","$J$67","0.05"
"UW Inputs","UWIN_S4P3_CEDE3","$K$67","1"
"UW Inputs","UWIN_S4P3_COMM3","$L$67","0.3"
"UW Inputs","UWIN_S4P3_FEE3","$M$67","0.05"
"UW Inputs","UWIN_S4P3_CEDE4","$N$67","0.9"
"UW Inputs","UWIN_S4P3_COMM4","$O$67","0.3"
"UW Inputs","UWIN_S4P3_FEE4","$P$67","0.05"
"UW Inputs","UWIN_S4P3_CEDE5","$Q$67","0.8"
"UW Inputs","UWIN_S4P3_COMM5","$R$67","0.3"
"UW Inputs","UWIN_S4P3_FEE5","$S$67","0.05"
"UW Inputs","UWIN_S5P3_CAT1","$E$80","0"
"UW Inputs","UWIN_S5P3_OTH1","$J$80","0"
"UW Inputs","UWIN_S5P3_CAT2","$F$80","0"
"UW Inputs","UWIN_S5P3_OTH2","$K$80","0"
"UW Inputs","UWIN_S5P3_CAT3","$G$80","0"
"UW Inputs","UWIN_S5P3_OTH3","$L$80","0"
"UW Inputs","UWIN_S5P3_CAT4","$H$80","0"
"UW Inputs","UWIN_S5P3_OTH4","$M$80","0"
"UW Inputs","UWIN_S5P3_CAT5","$I$80","0"
"UW Inputs","UWIN_S5P3_OTH5","$N$80","0"
"UW Inputs","UWIN_S1P4_BU","$B$9","VI"
"UW Inputs","UWIN_S1P4_NAME","$C$9","Event Liability"
"UW Inputs","UWIN_S1P4_TERM","$D$9","3"
"UW Inputs","UWIN_S1P4_GWP1","$E$9","0"
"UW Inputs","UWIN_S1P4_GWP2","$F$9","0"
"UW Inputs","UWIN_S1P4_GWP3","$G$9","960000"
"UW Inputs","UWIN_S1P4_GWP4","$H$9","1440000"
"UW Inputs","UWIN_S1P4_GWP5","$I$9","2400000"
"UW Inputs","UWIN_S1P4_GWP6","$J$9","3000000"
"UW Inputs","UWIN_S1P4_GWP7","$K$9","3600000"
"UW Inputs","UWIN_S1P4_GWP8","$L$9","3600000"
"UW Inputs","UWIN_S1P4_GWP9","$M$9","3600000"
"UW Inputs","UWIN_S1P4_GWP10","$N$9","4500000"
"UW Inputs","UWIN_S1P4_GWP11","$O$9","5400000"
"UW Inputs","UWIN_S1P4_GWP12","$P$9","5400000"
"UW Inputs","UWIN_S1P4_GWP13","$Q$9","5400000"
"UW Inputs","UWIN_S1P4_GWP14","$R$9","6750000"
"UW Inputs","UWIN_S1P4_GWP15","$S$9","8100000"
"UW Inputs","UWIN_S1P4_GWP16","$T$9","8100000"
"UW Inputs","UWIN_S1P4_GWP17","$U$9","8100000"
"UW Inputs","UWIN_S1P4_GWP18","$V$9","10125000"
"UW Inputs","UWIN_S1P4_GWP19","$W$9","12150000"
"UW Inputs","UWIN_S1P4_GWP20","$X$9","12150000"
"UW Inputs","UWIN_S1P4_GROW","$Y$9","0"
"UW Inputs","UWIN_S2P4_COMM1","$E$22","0.4"
"UW Inputs","UWIN_S2P4_COMM2","$F$22","0.4"
"UW Inputs","UWIN_S2P4_COMM3","$G$22","0.4"
"UW Inputs","UWIN_S2P4_COMM4","$H$22","0.4"
"UW Inputs","UWIN_S2P4_COMM5","$I$22","0.4"
"UW Inputs","UWIN_S3P4A_PAT","$D$41","Casualty"
"UW Inputs","UWIN_S3P4A_LD","$E$41","50"
"UW Inputs","UWIN_S3P4A_CD","$F$41","50"
"UW Inputs","UWIN_S3P4A_ELR1","$G$41","0.3"
"UW Inputs","UWIN_S3P4A_ELR2","$H$41","0.3"
"UW Inputs","UWIN_S3P4A_ELR3","$I$41","0.3"
"UW Inputs","UWIN_S3P4A_ELR4","$J$41","0.3"
"UW Inputs","UWIN_S3P4A_SEV","$K$41","2000"
"UW Inputs","UWIN_S3P4S_PAT","$D$42","Casualty"
"UW Inputs","UWIN_S3P4S_LD","$E$42","50"
"UW Inputs","UWIN_S3P4S_CD","$F$42","50"
"UW Inputs","UWIN_S3P4S_ELR1","$G$42","0"
"UW Inputs","UWIN_S3P4S_ELR2","$H$42","0"
"UW Inputs","UWIN_S3P4S_ELR3","$I$42","0"
"UW Inputs","UWIN_S3P4S_ELR4","$J$42","0"
"UW Inputs","UWIN_S3P4S_SEV","$K$42","2000"
"UW Inputs","UWIN_S3P4C_PAT","$D$43","Casualty"
"UW Inputs","UWIN_S3P4C_LD","$E$43","50"
"UW Inputs","UWIN_S3P4C_CD","$F$43","50"
"UW Inputs","UWIN_S3P4C_ELR1","$G$43","0"
"UW Inputs","UWIN_S3P4C_ELR2","$H$43","0"
"UW Inputs","UWIN_S3P4C_ELR3","$I$43","0"
"UW Inputs","UWIN_S3P4C_ELR4","$J$43","0"
"UW Inputs","UWIN_S3P4C_SEV","$K$43","2000"
"UW Inputs","UWIN_S4P4_CEDE1","$E$68","1"
"UW Inputs","UWIN_S4P4_COMM1","$F$68","0.4"
"UW Inputs","UWIN_S4P4_FEE1","$G$68","0.05"
"UW Inputs","UWIN_S4P4_CEDE2","$H$68","1"
"UW Inputs","UWIN_S4P4_COMM2","$I$68","0.4"
"UW Inputs","UWIN_S4P4_FEE2","$J$68","0.05"
"UW Inputs","UWIN_S4P4_CEDE3","$K$68","1"
"UW Inputs","UWIN_S4P4_COMM3","$L$68","0.4"
"UW Inputs","UWIN_S4P4_FEE3","$M$68","0.05"
"UW Inputs","UWIN_S4P4_CEDE4","$N$68","0.9"
"UW Inputs","UWIN_S4P4_COMM4","$O$68","0.4"
"UW Inputs","UWIN_S4P4_FEE4","$P$68","0.05"
"UW Inputs","UWIN_S4P4_CEDE5","$Q$68","0.8"
"UW Inputs","UWIN_S4P4_COMM5","$R$68","0.4"
"UW Inputs","UWIN_S4P4_FEE5","$S$68","0.05"
"UW Inputs","UWIN_S5P4_CAT1","$E$81","0"
"UW Inputs","UWIN_S5P4_OTH1","$J$81","0"
"UW Inputs","UWIN_S5P4_CAT2","$F$81","0"
"UW Inputs","UWIN_S5P4_OTH2","$K$81","0"
"UW Inputs","UWIN_S5P4_CAT3","$G$81","0"
"UW Inputs","UWIN_S5P4_OTH3","$L$81","0"
"UW Inputs","UWIN_S5P4_CAT4","$H$81","0"
"UW Inputs","UWIN_S5P4_OTH4","$M$81","0"
"UW Inputs","UWIN_S5P4_CAT5","$I$81","0"
"UW Inputs","UWIN_S5P4_OTH5","$N$81","0"
"UW Inputs","UWIN_S1P5_BU","$B$10","VI"
"UW Inputs","UWIN_S1P5_NAME","$C$10","Travel"
"UW Inputs","UWIN_S1P5_TERM","$D$10","3"
"UW Inputs","UWIN_S1P5_GWP1","$E$10","0"
"UW Inputs","UWIN_S1P5_GWP2","$F$10","0"
"UW Inputs","UWIN_S1P5_GWP3","$G$10","600000"
"UW Inputs","UWIN_S1P5_GWP4","$H$10","900000"
"UW Inputs","UWIN_S1P5_GWP5","$I$10","800000"
"UW Inputs","UWIN_S1P5_GWP6","$J$10","1000000"
"UW Inputs","UWIN_S1P5_GWP7","$K$10","1200000"
"UW Inputs","UWIN_S1P5_GWP8","$L$10","1200000"
"UW Inputs","UWIN_S1P5_GWP9","$M$10","1200000"
"UW Inputs","UWIN_S1P5_GWP10","$N$10","1500000"
"UW Inputs","UWIN_S1P5_GWP11","$O$10","1800000"
"UW Inputs","UWIN_S1P5_GWP12","$P$10","1800000"
"UW Inputs","UWIN_S1P5_GWP13","$Q$10","1800000"
"UW Inputs","UWIN_S1P5_GWP14","$R$10","2250000"
"UW Inputs","UWIN_S1P5_GWP15","$S$10","2700000"
"UW Inputs","UWIN_S1P5_GWP16","$T$10","2700000"
"UW Inputs","UWIN_S1P5_GWP17","$U$10","2700000"
"UW Inputs","UWIN_S1P5_GWP18","$V$10","3375000"
"UW Inputs","UWIN_S1P5_GWP19","$W$10","4050000"
"UW Inputs","UWIN_S1P5_GWP20","$X$10","4050000"
"UW Inputs","UWIN_S1P5_GROW","$Y$10","0"
"UW Inputs","UWIN_S2P5_COMM1","$E$23","0.6"
"UW Inputs","UWIN_S2P5_COMM2","$F$23","0.6"
"UW Inputs","UWIN_S2P5_COMM3","$G$23","0.6"
"UW Inputs","UWIN_S2P5_COMM4","$H$23","0.6"
"UW Inputs","UWIN_S2P5_COMM5","$I$23","0.6"
"UW Inputs","UWIN_S3P5A_PAT","$D$44","Property"
"UW Inputs","UWIN_S3P5A_LD","$E$44","10"
"UW Inputs","UWIN_S3P5A_CD","$F$44","10"
"UW Inputs","UWIN_S3P5A_ELR1","$G$44","0.25"
"UW Inputs","UWIN_S3P5A_ELR2","$H$44","0.25"
"UW Inputs","UWIN_S3P5A_ELR3","$I$44","0.25"
"UW Inputs","UWIN_S3P5A_ELR4","$J$44","0.25"
"UW Inputs","UWIN_S3P5A_SEV","$K$44","2000"
"UW Inputs","UWIN_S3P5S_PAT","$D$45","Property"
"UW Inputs","UWIN_S3P5S_LD","$E$45","10"
"UW Inputs","UWIN_S3P5S_CD","$F$45","10"
"UW Inputs","UWIN_S3P5S_ELR1","$G$45","0"
"UW Inputs","UWIN_S3P5S_ELR2","$H$45","0"
"UW Inputs","UWIN_S3P5S_ELR3","$I$45","0"
"UW Inputs","UWIN_S3P5S_ELR4","$J$45","0"
"UW Inputs","UWIN_S3P5S_SEV","$K$45","2000"
"UW Inputs","UWIN_S3P5C_PAT","$D$46","Property"
"UW Inputs","UWIN_S3P5C_LD","$E$46","10"
"UW Inputs","UWIN_S3P5C_CD","$F$46","10"
"UW Inputs","UWIN_S3P5C_ELR1","$G$46","0"
"UW Inputs","UWIN_S3P5C_ELR2","$H$46","0"
"UW Inputs","UWIN_S3P5C_ELR3","$I$46","0"
"UW Inputs","UWIN_S3P5C_ELR4","$J$46","0"
"UW Inputs","UWIN_S3P5C_SEV","$K$46","2000"
"UW Inputs","UWIN_S4P5_CEDE1","$E$69","1"
"UW Inputs","UWIN_S4P5_COMM1","$F$69","0.6"
"UW Inputs","UWIN_S4P5_FEE1","$G$69","0.05"
"UW Inputs","UWIN_S4P5_CEDE2","$H$69","1"
"UW Inputs","UWIN_S4P5_COMM2","$I$69","0.6"
"UW Inputs","UWIN_S4P5_FEE2","$J$69","0.05"
"UW Inputs","UWIN_S4P5_CEDE3","$K$69","1"
"UW Inputs","UWIN_S4P5_COMM3","$L$69","0.6"
"UW Inputs","UWIN_S4P5_FEE3","$M$69","0.05"
"UW Inputs","UWIN_S4P5_CEDE4","$N$69","0.9"
"UW Inputs","UWIN_S4P5_COMM4","$O$69","0.6"
"UW Inputs","UWIN_S4P5_FEE4","$P$69","0.05"
"UW Inputs","UWIN_S4P5_CEDE5","$Q$69","0.8"
"UW Inputs","UWIN_S4P5_COMM5","$R$69","0.6"
"UW Inputs","UWIN_S4P5_FEE5","$S$69","0.05"
"UW Inputs","UWIN_S5P5_CAT1","$E$82","0"
"UW Inputs","UWIN_S5P5_OTH1","$J$82","0"
"UW Inputs","UWIN_S5P5_CAT2","$F$82","0"
"UW Inputs","UWIN_S5P5_OTH2","$K$82","0"
"UW Inputs","UWIN_S5P5_CAT3","$G$82","0"
"UW Inputs","UWIN_S5P5_OTH3","$L$82","0"
"UW Inputs","UWIN_S5P5_CAT4","$H$82","0"
"UW Inputs","UWIN_S5P5_OTH4","$M$82","0"
"UW Inputs","UWIN_S5P5_CAT5","$I$82","0"
"UW Inputs","UWIN_S5P5_OTH5","$N$82","0"
"UW Inputs","UWIN_S1P6_BU","$B$11","VI"
"UW Inputs","UWIN_S1P6_NAME","$C$11","Tuition"
"UW Inputs","UWIN_S1P6_TERM","$D$11","12"
"UW Inputs","UWIN_S1P6_GWP1","$E$11","0"
"UW Inputs","UWIN_S1P6_GWP2","$F$11","0"
"UW Inputs","UWIN_S1P6_GWP3","$G$11","200000"
"UW Inputs","UWIN_S1P6_GWP4","$H$11","0"
"UW Inputs","UWIN_S1P6_GWP5","$I$11","11200000"
"UW Inputs","UWIN_S1P6_GWP6","$J$11","4000000"
"UW Inputs","UWIN_S1P6_GWP7","$K$11","800000"
"UW Inputs","UWIN_S1P6_GWP8","$L$11","0"
"UW Inputs","UWIN_S1P6_GWP9","$M$11","16800000"
"UW Inputs","UWIN_S1P6_GWP10","$N$11","6000000"
"UW Inputs","UWIN_S1P6_GWP11","$O$11","1200000"
"UW Inputs","UWIN_S1P6_GWP12","$P$11","0"
"UW Inputs","UWIN_S1P6_GWP13","$Q$11","25200000"
"UW Inputs","UWIN_S1P6_GWP14","$R$11","9000000"
"UW Inputs","UWIN_S1P6_GWP15","$S$11","1800000"
"UW Inputs","UWIN_S1P6_GWP16","$T$11","0"
"UW Inputs","UWIN_S1P6_GWP17","$U$11","37800000"
"UW Inputs","UWIN_S1P6_GWP18","$V$11","13500000"
"UW Inputs","UWIN_S1P6_GWP19","$W$11","2700000"
"UW Inputs","UWIN_S1P6_GWP20","$X$11","0"
"UW Inputs","UWIN_S1P6_GROW","$Y$11","0"
"UW Inputs","UWIN_S2P6_COMM1","$E$24","0.5"
"UW Inputs","UWIN_S2P6_COMM2","$F$24","0.5"
"UW Inputs","UWIN_S2P6_COMM3","$G$24","0.5"
"UW Inputs","UWIN_S2P6_COMM4","$H$24","0.5"
"UW Inputs","UWIN_S2P6_COMM5","$I$24","0.5"
"UW Inputs","UWIN_S3P6A_PAT","$D$47","Property"
"UW Inputs","UWIN_S3P6A_LD","$E$47","10"
"UW Inputs","UWIN_S3P6A_CD","$F$47","10"
"UW Inputs","UWIN_S3P6A_ELR1","$G$47","0.4"
"UW Inputs","UWIN_S3P6A_ELR2","$H$47","0.4"
"UW Inputs","UWIN_S3P6A_ELR3","$I$47","0.4"
"UW Inputs","UWIN_S3P6A_ELR4","$J$47","0.4"
"UW Inputs","UWIN_S3P6A_SEV","$K$47","30000"
"UW Inputs","UWIN_S3P6S_PAT","$D$48","Property"
"UW Inputs","UWIN_S3P6S_LD","$E$48","10"
"UW Inputs","UWIN_S3P6S_CD","$F$48","10"
"UW Inputs","UWIN_S3P6S_ELR1","$G$48","0"
"UW Inputs","UWIN_S3P6S_ELR2","$H$48","0"
"UW Inputs","UWIN_S3P6S_ELR3","$I$48","0"
"UW Inputs","UWIN_S3P6S_ELR4","$J$48","0"
"UW Inputs","UWIN_S3P6S_SEV","$K$48","30000"
"UW Inputs","UWIN_S3P6C_PAT","$D$49","Property"
"UW Inputs","UWIN_S3P6C_LD","$E$49","10"
"UW Inputs","UWIN_S3P6C_CD","$F$49","10"
"UW Inputs","UWIN_S3P6C_ELR1","$G$49","0"
"UW Inputs","UWIN_S3P6C_ELR2","$H$49","0"
"UW Inputs","UWIN_S3P6C_ELR3","$I$49","0"
"UW Inputs","UWIN_S3P6C_ELR4","$J$49","0"
"UW Inputs","UWIN_S3P6C_SEV","$K$49","30000"
"UW Inputs","UWIN_S4P6_CEDE1","$E$70","1"
"UW Inputs","UWIN_S4P6_COMM1","$F$70","0.5"
"UW Inputs","UWIN_S4P6_FEE1","$G$70","0.05"
"UW Inputs","UWIN_S4P6_CEDE2","$H$70","1"
"UW Inputs","UWIN_S4P6_COMM2","$I$70","0.5"
"UW Inputs","UWIN_S4P6_FEE2","$J$70","0.05"
"UW Inputs","UWIN_S4P6_CEDE3","$K$70","1"
"UW Inputs","UWIN_S4P6_COMM3","$L$70","0.5"
"UW Inputs","UWIN_S4P6_FEE3","$M$70","0.05"
"UW Inputs","UWIN_S4P6_CEDE4","$N$70","0.9"
"UW Inputs","UWIN_S4P6_COMM4","$O$70","0.5"
"UW Inputs","UWIN_S4P6_FEE4","$P$70","0.05"
"UW Inputs","UWIN_S4P6_CEDE5","$Q$70","0.8"
"UW Inputs","UWIN_S4P6_COMM5","$R$70","0.5"
"UW Inputs","UWIN_S4P6_FEE5","$S$70","0.05"
"UW Inputs","UWIN_S5P6_CAT1","$E$83","0"
"UW Inputs","UWIN_S5P6_OTH1","$J$83","0"
"UW Inputs","UWIN_S5P6_CAT2","$F$83","0"
"UW Inputs","UWIN_S5P6_OTH2","$K$83","0"
"UW Inputs","UWIN_S5P6_CAT3","$G$83","0"
"UW Inputs","UWIN_S5P6_OTH3","$L$83","0"
"UW Inputs","UWIN_S5P6_CAT4","$H$83","0"
"UW Inputs","UWIN_S5P6_OTH4","$M$83","0"
"UW Inputs","UWIN_S5P6_CAT5","$I$83","0"
"UW Inputs","UWIN_S5P6_OTH5","$N$83","0"
"UW Inputs","UWIN_S1P7_BU","$B$12","VI"
"UW Inputs","UWIN_S1P7_NAME","$C$12","Builders Risk"
"UW Inputs","UWIN_S1P7_TERM","$D$12","12"
"UW Inputs","UWIN_S1P7_GWP1","$E$12","0"
"UW Inputs","UWIN_S1P7_GWP2","$F$12","0"
"UW Inputs","UWIN_S1P7_GWP3","$G$12","200000"
"UW Inputs","UWIN_S1P7_GWP4","$H$12","480000"
"UW Inputs","UWIN_S1P7_GWP5","$I$12","1600000"
"UW Inputs","UWIN_S1P7_GWP6","$J$12","2000000"
"UW Inputs","UWIN_S1P7_GWP7","$K$12","2400000"
"UW Inputs","UWIN_S1P7_GWP8","$L$12","2400000"
"UW Inputs","UWIN_S1P7_GWP9","$M$12","2400000"
"UW Inputs","UWIN_S1P7_GWP10","$N$12","3000000"
"UW Inputs","UWIN_S1P7_GWP11","$O$12","3600000"
"UW Inputs","UWIN_S1P7_GWP12","$P$12","3600000"
"UW Inputs","UWIN_S1P7_GWP13","$Q$12","3600000"
"UW Inputs","UWIN_S1P7_GWP14","$R$12","4500000"
"UW Inputs","UWIN_S1P7_GWP15","$S$12","5400000"
"UW Inputs","UWIN_S1P7_GWP16","$T$12","5400000"
"UW Inputs","UWIN_S1P7_GWP17","$U$12","5400000"
"UW Inputs","UWIN_S1P7_GWP18","$V$12","6750000"
"UW Inputs","UWIN_S1P7_GWP19","$W$12","8100000"
"UW Inputs","UWIN_S1P7_GWP20","$X$12","8100000"
"UW Inputs","UWIN_S1P7_GROW","$Y$12","0"
"UW Inputs","UWIN_S2P7_COMM1","$E$25","0.3"
"UW Inputs","UWIN_S2P7_COMM2","$F$25","0.3"
"UW Inputs","UWIN_S2P7_COMM3","$G$25","0.3"
"UW Inputs","UWIN_S2P7_COMM4","$H$25","0.3"
"UW Inputs","UWIN_S2P7_COMM5","$I$25","0.3"
"UW Inputs","UWIN_S3P7A_PAT","$D$50","Property"
"UW Inputs","UWIN_S3P7A_LD","$E$50","50"
"UW Inputs","UWIN_S3P7A_CD","$F$50","50"
"UW Inputs","UWIN_S3P7A_ELR1","$G$50","0.4"
"UW Inputs","UWIN_S3P7A_ELR2","$H$50","0.4"
"UW Inputs","UWIN_S3P7A_ELR3","$I$50","0.4"
"UW Inputs","UWIN_S3P7A_ELR4","$J$50","0.4"
"UW Inputs","UWIN_S3P7A_SEV","$K$50","15000"
"UW Inputs","UWIN_S3P7S_PAT","$D$51","Property"
"UW Inputs","UWIN_S3P7S_LD","$E$51","50"
"UW Inputs","UWIN_S3P7S_CD","$F$51","50"
"UW Inputs","UWIN_S3P7S_ELR1","$G$51","0"
"UW Inputs","UWIN_S3P7S_ELR2","$H$51","0"
"UW Inputs","UWIN_S3P7S_ELR3","$I$51","0"
"UW Inputs","UWIN_S3P7S_ELR4","$J$51","0"
"UW Inputs","UWIN_S3P7S_SEV","$K$51","15000"
"UW Inputs","UWIN_S3P7C_PAT","$D$52","Property"
"UW Inputs","UWIN_S3P7C_LD","$E$52","50"
"UW Inputs","UWIN_S3P7C_CD","$F$52","50"
"UW Inputs","UWIN_S3P7C_ELR1","$G$52","0"
"UW Inputs","UWIN_S3P7C_ELR2","$H$52","0"
"UW Inputs","UWIN_S3P7C_ELR3","$I$52","0"
"UW Inputs","UWIN_S3P7C_ELR4","$J$52","0"
"UW Inputs","UWIN_S3P7C_SEV","$K$52","15000"
"UW Inputs","UWIN_S4P7_CEDE1","$E$71","1"
"UW Inputs","UWIN_S4P7_COMM1","$F$71","0.4"
"UW Inputs","UWIN_S4P7_FEE1","$G$71","0.05"
"UW Inputs","UWIN_S4P7_CEDE2","$H$71","1"
"UW Inputs","UWIN_S4P7_COMM2","$I$71","0.4"
"UW Inputs","UWIN_S4P7_FEE2","$J$71","0.05"
"UW Inputs","UWIN_S4P7_CEDE3","$K$71","1"
"UW Inputs","UWIN_S4P7_COMM3","$L$71","0.4"
"UW Inputs","UWIN_S4P7_FEE3","$M$71","0.05"
"UW Inputs","UWIN_S4P7_CEDE4","$N$71","0.9"
"UW Inputs","UWIN_S4P7_COMM4","$O$71","0.4"
"UW Inputs","UWIN_S4P7_FEE4","$P$71","0.05"
"UW Inputs","UWIN_S4P7_CEDE5","$Q$71","0.8"
"UW Inputs","UWIN_S4P7_COMM5","$R$71","0.4"
"UW Inputs","UWIN_S4P7_FEE5","$S$71","0.05"
"UW Inputs","UWIN_S5P7_CAT1","$E$84","0"
"UW Inputs","UWIN_S5P7_OTH1","$J$84","0"
"UW Inputs","UWIN_S5P7_CAT2","$F$84","0"
"UW Inputs","UWIN_S5P7_OTH2","$K$84","0"
"UW Inputs","UWIN_S5P7_CAT3","$G$84","37500"
"UW Inputs","UWIN_S5P7_OTH3","$L$84","0"
"UW Inputs","UWIN_S5P7_CAT4","$H$84","90000"
"UW Inputs","UWIN_S5P7_OTH4","$M$84","0"
"UW Inputs","UWIN_S5P7_CAT5","$I$84","300000"
"UW Inputs","UWIN_S5P7_OTH5","$N$84","0"
"UW Inputs","UWIN_S1P8_BU","$B$13","VI"
"UW Inputs","UWIN_S1P8_NAME","$C$13","Credit and Surety"
"UW Inputs","UWIN_S1P8_TERM","$D$13","12"
"UW Inputs","UWIN_S1P8_GWP1","$E$13","0"
"UW Inputs","UWIN_S1P8_GWP2","$F$13","0"
"UW Inputs","UWIN_S1P8_GWP3","$G$13","0"
"UW Inputs","UWIN_S1P8_GWP4","$H$13","160000"
"UW Inputs","UWIN_S1P8_GWP5","$I$13","480000"
"UW Inputs","UWIN_S1P8_GWP6","$J$13","880000"
"UW Inputs","UWIN_S1P8_GWP7","$K$13","1040000"
"UW Inputs","UWIN_S1P8_GWP8","$L$13","960000"
"UW Inputs","UWIN_S1P8_GWP9","$M$13","720000"
"UW Inputs","UWIN_S1P8_GWP10","$N$13","1320000"
"UW Inputs","UWIN_S1P8_GWP11","$O$13","1560000"
"UW Inputs","UWIN_S1P8_GWP12","$P$13","1440000"
"UW Inputs","UWIN_S1P8_GWP13","$Q$13","1080000"
"UW Inputs","UWIN_S1P8_GWP14","$R$13","1980000"
"UW Inputs","UWIN_S1P8_GWP15","$S$13","2340000"
"UW Inputs","UWIN_S1P8_GWP16","$T$13","2160000"
"UW Inputs","UWIN_S1P8_GWP17","$U$13","1620000"
"UW Inputs","UWIN_S1P8_GWP18","$V$13","2970000"
"UW Inputs","UWIN_S1P8_GWP19","$W$13","3510000"
"UW Inputs","UWIN_S1P8_GWP20","$X$13","3240000"
"UW Inputs","UWIN_S1P8_GROW","$Y$13","0"
"UW Inputs","UWIN_S2P8_COMM1","$E$26","0.6"
"UW Inputs","UWIN_S2P8_COMM2","$F$26","0.6"
"UW Inputs","UWIN_S2P8_COMM3","$G$26","0.6"
"UW Inputs","UWIN_S2P8_COMM4","$H$26","0.6"
"UW Inputs","UWIN_S2P8_COMM5","$I$26","0.6"
"UW Inputs","UWIN_S3P8A_PAT","$D$53","Casualty"
"UW Inputs","UWIN_S3P8A_LD","$E$53","30"
"UW Inputs","UWIN_S3P8A_CD","$F$53","30"
"UW Inputs","UWIN_S3P8A_ELR1","$G$53","0.2"
"UW Inputs","UWIN_S3P8A_ELR2","$H$53","0.2"
"UW Inputs","UWIN_S3P8A_ELR3","$I$53","0.2"
"UW Inputs","UWIN_S3P8A_ELR4","$J$53","0.2"
"UW Inputs","UWIN_S3P8A_SEV","$K$53","10000"
"UW Inputs","UWIN_S3P8S_PAT","$D$54","Casualty"
"UW Inputs","UWIN_S3P8S_LD","$E$54","30"
"UW Inputs","UWIN_S3P8S_CD","$F$54","30"
"UW Inputs","UWIN_S3P8S_ELR1","$G$54","0"
"UW Inputs","UWIN_S3P8S_ELR2","$H$54","0"
"UW Inputs","UWIN_S3P8S_ELR3","$I$54","0"
"UW Inputs","UWIN_S3P8S_ELR4","$J$54","0"
"UW Inputs","UWIN_S3P8S_SEV","$K$54","10000"
"UW Inputs","UWIN_S3P8C_PAT","$D$55","Casualty"
"UW Inputs","UWIN_S3P8C_LD","$E$55","30"
"UW Inputs","UWIN_S3P8C_CD","$F$55","30"
"UW Inputs","UWIN_S3P8C_ELR1","$G$55","0"
"UW Inputs","UWIN_S3P8C_ELR2","$H$55","0"
"UW Inputs","UWIN_S3P8C_ELR3","$I$55","0"
"UW Inputs","UWIN_S3P8C_ELR4","$J$55","0"
"UW Inputs","UWIN_S3P8C_SEV","$K$55","10000"
"UW Inputs","UWIN_S4P8_CEDE1","$E$72","1"
"UW Inputs","UWIN_S4P8_COMM1","$F$72","0.6"
"UW Inputs","UWIN_S4P8_FEE1","$G$72","0.05"
"UW Inputs","UWIN_S4P8_CEDE2","$H$72","1"
"UW Inputs","UWIN_S4P8_COMM2","$I$72","0.6"
"UW Inputs","UWIN_S4P8_FEE2","$J$72","0.05"
"UW Inputs","UWIN_S4P8_CEDE3","$K$72","1"
"UW Inputs","UWIN_S4P8_COMM3","$L$72","0.6"
"UW Inputs","UWIN_S4P8_FEE3","$M$72","0.05"
"UW Inputs","UWIN_S4P8_CEDE4","$N$72","0.9"
"UW Inputs","UWIN_S4P8_COMM4","$O$72","0.6"
"UW Inputs","UWIN_S4P8_FEE4","$P$72","0.05"
"UW Inputs","UWIN_S4P8_CEDE5","$Q$72","0.8"
"UW Inputs","UWIN_S4P8_COMM5","$R$72","0.6"
"UW Inputs","UWIN_S4P8_FEE5","$S$72","0.05"
"UW Inputs","UWIN_S5P8_CAT1","$E$85","0"
"UW Inputs","UWIN_S5P8_OTH1","$J$85","0"
"UW Inputs","UWIN_S5P8_CAT2","$F$85","0"
"UW Inputs","UWIN_S5P8_OTH2","$K$85","0"
"UW Inputs","UWIN_S5P8_CAT3","$G$85","0"
"UW Inputs","UWIN_S5P8_OTH3","$L$85","0"
"UW Inputs","UWIN_S5P8_CAT4","$H$85","0"
"UW Inputs","UWIN_S5P8_OTH4","$M$85","0"
"UW Inputs","UWIN_S5P8_CAT5","$I$85","0"
"UW Inputs","UWIN_S5P8_OTH5","$N$85","0"
"UW Inputs","UWIN_S1P9_BU","$B$14","Other"
"UW Inputs","UWIN_S1P9_NAME","$C$14","Other Short Tail"
"UW Inputs","UWIN_S1P9_TERM","$D$14","12"
"UW Inputs","UWIN_S1P9_GWP1","$E$14","0"
"UW Inputs","UWIN_S1P9_GWP2","$F$14","0"
"UW Inputs","UWIN_S1P9_GWP3","$G$14","428750"
"UW Inputs","UWIN_S1P9_GWP4","$H$14","901250"
"UW Inputs","UWIN_S1P9_GWP5","$I$14","1417500"
"UW Inputs","UWIN_S1P9_GWP6","$J$14","1977499.9999999998"
"UW Inputs","UWIN_S1P9_GWP7","$K$14","5368125"
"UW Inputs","UWIN_S1P9_GWP8","$L$14","6514375"
"UW Inputs","UWIN_S1P9_GWP9","$M$14","7726249.9999999991"
"UW Inputs","UWIN_S1P9_GWP10","$N$14","9003750"
"UW Inputs","UWIN_S1P9_GWP11","$O$14","14527187.5"
"UW Inputs","UWIN_S1P9_GWP12","$P$14","16684062.499999998"
"UW Inputs","UWIN_S1P9_GWP13","$Q$14","18939375"
"UW Inputs","UWIN_S1P9_GWP14","$R$14","21293125"
"UW Inputs","UWIN_S1P9_GWP15","$S$14","30015781.249999996"
"UW Inputs","UWIN_S1P9_GWP16","$T$14","33688593.75"
"UW Inputs","UWIN_S1P9_GWP17","$U$14","37509062.5"
"UW Inputs","UWIN_S1P9_GWP18","$V$14","41477187.5"
"UW Inputs","UWIN_S1P9_GWP19","$W$14","54998671.875"
"UW Inputs","UWIN_S1P9_GWP20","$X$14","60945390.624999993"
"UW Inputs","UWIN_S1P9_GROW","$Y$14","0"
"UW Inputs","UWIN_S2P9_COMM1","$E$27","0.5"
"UW Inputs","UWIN_S2P9_COMM2","$F$27","0.5"
"UW Inputs","UWIN_S2P9_COMM3","$G$27","0.5"
"UW Inputs","UWIN_S2P9_COMM4","$H$27","0.5"
"UW Inputs","UWIN_S2P9_COMM5","$I$27","0.5"
"UW Inputs","UWIN_S3P9A_PAT","$D$56","Property"
"UW Inputs","UWIN_S3P9A_LD","$E$56","30"
"UW Inputs","UWIN_S3P9A_CD","$F$56","30"
"UW Inputs","UWIN_S3P9A_ELR1","$G$56","0.4"
"UW Inputs","UWIN_S3P9A_ELR2","$H$56","0.4"
"UW Inputs","UWIN_S3P9A_ELR3","$I$56","0.4"
"UW Inputs","UWIN_S3P9A_ELR4","$J$56","0.4"
"UW Inputs","UWIN_S3P9A_SEV","$K$56","2000"
"UW Inputs","UWIN_S3P9S_PAT","$D$57","Property"
"UW Inputs","UWIN_S3P9S_LD","$E$57","30"
"UW Inputs","UWIN_S3P9S_CD","$F$57","30"
"UW Inputs","UWIN_S3P9S_ELR1","$G$57","0"
"UW Inputs","UWIN_S3P9S_ELR2","$H$57","0"
"UW Inputs","UWIN_S3P9S_ELR3","$I$57","0"
"UW Inputs","UWIN_S3P9S_ELR4","$J$57","0"
"UW Inputs","UWIN_S3P9S_SEV","$K$57","2000"
"UW Inputs","UWIN_S3P9C_PAT","$D$58","Property"
"UW Inputs","UWIN_S3P9C_LD","$E$58","30"
"UW Inputs","UWIN_S3P9C_CD","$F$58","30"
"UW Inputs","UWIN_S3P9C_ELR1","$G$58","0"
"UW Inputs","UWIN_S3P9C_ELR2","$H$58","0"
"UW Inputs","UWIN_S3P9C_ELR3","$I$58","0"
"UW Inputs","UWIN_S3P9C_ELR4","$J$58","0"
"UW Inputs","UWIN_S3P9C_SEV","$K$58","2000"
"UW Inputs","UWIN_S4P9_CEDE1","$E$73","1"
"UW Inputs","UWIN_S4P9_COMM1","$F$73","0.6"
"UW Inputs","UWIN_S4P9_FEE1","$G$73","0.05"
"UW Inputs","UWIN_S4P9_CEDE2","$H$73","1"
"UW Inputs","UWIN_S4P9_COMM2","$I$73","0.6"
"UW Inputs","UWIN_S4P9_FEE2","$J$73","0.05"
"UW Inputs","UWIN_S4P9_CEDE3","$K$73","1"
"UW Inputs","UWIN_S4P9_COMM3","$L$73","0.6"
"UW Inputs","UWIN_S4P9_FEE3","$M$73","0.05"
"UW Inputs","UWIN_S4P9_CEDE4","$N$73","0.9"
"UW Inputs","UWIN_S4P9_COMM4","$O$73","0.6"
"UW Inputs","UWIN_S4P9_FEE4","$P$73","0.05"
"UW Inputs","UWIN_S4P9_CEDE5","$Q$73","0.8"
"UW Inputs","UWIN_S4P9_COMM5","$R$73","0.6"
"UW Inputs","UWIN_S4P9_FEE5","$S$73","0.05"
"UW Inputs","UWIN_S5P9_CAT1","$E$86","0"
"UW Inputs","UWIN_S5P9_OTH1","$J$86","0"
"UW Inputs","UWIN_S5P9_CAT2","$F$86","0"
"UW Inputs","UWIN_S5P9_OTH2","$K$86","0"
"UW Inputs","UWIN_S5P9_CAT3","$G$86","0"
"UW Inputs","UWIN_S5P9_OTH3","$L$86","0"
"UW Inputs","UWIN_S5P9_CAT4","$H$86","0"
"UW Inputs","UWIN_S5P9_OTH4","$M$86","0"
"UW Inputs","UWIN_S5P9_CAT5","$I$86","0"
"UW Inputs","UWIN_S5P9_OTH5","$N$86","0"
"UW Inputs","UWIN_S1P10_BU","$B$15","Other"
"UW Inputs","UWIN_S1P10_NAME","$C$15","Other Long Tail"
"UW Inputs","UWIN_S1P10_TERM","$D$15","12"
"UW Inputs","UWIN_S1P10_GWP1","$E$15","0"
"UW Inputs","UWIN_S1P10_GWP2","$F$15","0"
"UW Inputs","UWIN_S1P10_GWP3","$G$15","183750.00000000003"
"UW Inputs","UWIN_S1P10_GWP4","$H$15","386250.00000000006"
"UW Inputs","UWIN_S1P10_GWP5","$I$15","607500.00000000012"
"UW Inputs","UWIN_S1P10_GWP6","$J$15","847500.00000000012"
"UW Inputs","UWIN_S1P10_GWP7","$K$15","2300625.0000000005"
"UW Inputs","UWIN_S1P10_GWP8","$L$15","2791875.0000000005"
"UW Inputs","UWIN_S1P10_GWP9","$M$15","3311250.0000000005"
"UW Inputs","UWIN_S1P10_GWP10","$N$15","3858750.0000000005"
"UW Inputs","UWIN_S1P10_GWP11","$O$15","6225937.5000000009"
"UW Inputs","UWIN_S1P10_GWP12","$P$15","7150312.5000000009"
"UW Inputs","UWIN_S1P10_GWP13","$Q$15","8116875.0000000009"
"UW Inputs","UWIN_S1P10_GWP14","$R$15","9125625.0000000019"
"UW Inputs","UWIN_S1P10_GWP15","$S$15","12863906.250000002"
"UW Inputs","UWIN_S1P10_GWP16","$T$15","14437968.750000002"
"UW Inputs","UWIN_S1P10_GWP17","$U$15","16075312.500000002"
"UW Inputs","UWIN_S1P10_GWP18","$V$15","17775937.500000004"
"UW Inputs","UWIN_S1P10_GWP19","$W$15","23570859.375000004"
"UW Inputs","UWIN_S1P10_GWP20","$X$15","26119453.125000004"
"UW Inputs","UWIN_S1P10_GROW","$Y$15","0"
"UW Inputs","UWIN_S2P10_COMM1","$E$28","0.3"
"UW Inputs","UWIN_S2P10_COMM2","$F$28","0.3"
"UW Inputs","UWIN_S2P10_COMM3","$G$28","0.3"
"UW Inputs","UWIN_S2P10_COMM4","$H$28","0.3"
"UW Inputs","UWIN_S2P10_COMM5","$I$28","0.3"
"UW Inputs","UWIN_S3P10A_PAT","$D$59","Casualty"
"UW Inputs","UWIN_S3P10A_LD","$E$59","50"
"UW Inputs","UWIN_S3P10A_CD","$F$59","50"
"UW Inputs","UWIN_S3P10A_ELR1","$G$59","0.6"
"UW Inputs","UWIN_S3P10A_ELR2","$H$59","0.6"
"UW Inputs","UWIN_S3P10A_ELR3","$I$59","0.6"
"UW Inputs","UWIN_S3P10A_ELR4","$J$59","0.6"
"UW Inputs","UWIN_S3P10A_SEV","$K$59","10000"
"UW Inputs","UWIN_S3P10S_PAT","$D$60","Casualty"
"UW Inputs","UWIN_S3P10S_LD","$E$60","50"
"UW Inputs","UWIN_S3P10S_CD","$F$60","50"
"UW Inputs","UWIN_S3P10S_ELR1","$G$60","0"
"UW Inputs","UWIN_S3P10S_ELR2","$H$60","0"
"UW Inputs","UWIN_S3P10S_ELR3","$I$60","0"
"UW Inputs","UWIN_S3P10S_ELR4","$J$60","0"
"UW Inputs","UWIN_S3P10S_SEV","$K$60","10000"
"UW Inputs","UWIN_S3P10C_PAT","$D$61","Casualty"
"UW Inputs","UWIN_S3P10C_LD","$E$61","50"
"UW Inputs","UWIN_S3P10C_CD","$F$61","50"
"UW Inputs","UWIN_S3P10C_ELR1","$G$61","0"
"UW Inputs","UWIN_S3P10C_ELR2","$H$61","0"
"UW Inputs","UWIN_S3P10C_ELR3","$I$61","0"
"UW Inputs","UWIN_S3P10C_ELR4","$J$61","0"
"UW Inputs","UWIN_S3P10C_SEV","$K$61","10000"
"UW Inputs","UWIN_S4P10_CEDE1","$E$74","1"
"UW Inputs","UWIN_S4P10_COMM1","$F$74","0.4"
"UW Inputs","UWIN_S4P10_FEE1","$G$74","0.05"
"UW Inputs","UWIN_S4P10_CEDE2","$H$74","1"
"UW Inputs","UWIN_S4P10_COMM2","$I$74","0.4"
"UW Inputs","UWIN_S4P10_FEE2","$J$74","0.05"
"UW Inputs","UWIN_S4P10_CEDE3","$K$74","1"
"UW Inputs","UWIN_S4P10_COMM3","$L$74","0.4"
"UW Inputs","UWIN_S4P10_FEE3","$M$74","0.05"
"UW Inputs","UWIN_S4P10_CEDE4","$N$74","0.9"
"UW Inputs","UWIN_S4P10_COMM4","$O$74","0.4"
"UW Inputs","UWIN_S4P10_FEE4","$P$74","0.05"
"UW Inputs","UWIN_S4P10_CEDE5","$Q$74","0.8"
"UW Inputs","UWIN_S4P10_COMM5","$R$74","0.4"
"UW Inputs","UWIN_S4P10_FEE5","$S$74","0.05"
"UW Inputs","UWIN_S5P10_CAT1","$E$87","0"
"UW Inputs","UWIN_S5P10_OTH1","$J$87","0"
"UW Inputs","UWIN_S5P10_CAT2","$F$87","0"
"UW Inputs","UWIN_S5P10_OTH2","$K$87","0"
"UW Inputs","UWIN_S5P10_CAT3","$G$87","0"
"UW Inputs","UWIN_S5P10_OTH3","$L$87","0"
"UW Inputs","UWIN_S5P10_CAT4","$H$87","0"
"UW Inputs","UWIN_S5P10_OTH4","$M$87","0"
"UW Inputs","UWIN_S5P10_CAT5","$I$87","0"
"UW Inputs","UWIN_S5P10_OTH5","$N$87","0"
"Investments","INV_GOV_ALLOC","$C$6","0.8"
"Investments","INV_GOV_YIELD","$D$6","3.5000000000000003E-2"
"Investments","INV_GOV_DUR","$E$6","4"
"Investments","INV_GOV_QUAL","$F$6","AAA"
"Investments","INV_CORP_ALLOC","$C$7","0"
"Investments","INV_CORP_YIELD","$D$7","4.4999999999999998E-2"
"Investments","INV_CORP_DUR","$E$7","3.5"
"Investments","INV_CORP_QUAL","$F$7","A"
"Investments","INV_MUNI_ALLOC","$C$8","0"
"Investments","INV_MUNI_YIELD","$D$8","0.03"
"Investments","INV_MUNI_DUR","$E$8","5"
"Investments","INV_MUNI_QUAL","$F$8","AA"
"Investments","INV_CASH_ALLOC","$C$9","0.2"
"Investments","INV_CASH_YIELD","$D$9","0.02"
"Investments","INV_CASH_DUR","$E$9","0.1"
"Investments","INV_CASH_QUAL","$F$9","AAA"
"Investments","INV_EQ_ALLOC","$C$10","0"
"Investments","INV_EQ_YIELD","$D$10","0.06"
"Investments","INV_EQ_DUR","$E$10","0"
"Investments","INV_ALT_ALLOC","$C$11","0"
"Investments","INV_ALT_YIELD","$D$11","7.0000000000000007E-2"
"Investments","INV_ALT_DUR","$E$11","0"
"Investments","INV_FLOOR","$C$21","500000"
"Investments","INV_MGMT_FEE_BPS","$C$32","2.5000000000000001E-3"
"Capital Activity","CAP_EQ_DESC","$B$5","Equity Raise"
"Capital Activity","CAP_SN_DESC","$B$10","Surplus Note"
"Capital Activity","CAP_SN_RATE","$C$14","0.06"
"Capital Activity","CAP_OD_DESC","$B$18","Other Debt"
"Capital Activity","CAP_OD_RATE","$C$22","0.08"
"RBC Capital Model","RBC_TARGET","$C$5","3"
"RBC Capital Model","RBC_RCAT_INPUT","$C$6","0"
"RBC Capital Model","RBC_DISC","$C$7","0"
"RBC Capital Model","RBC_LOB_SPLIAB","$C$12","0.40100000000000002"
"RBC Capital Model","RBC_LOB_SPLIAB","$D$12","0.995"
"RBC Capital Model","RBC_LOB_SPLIAB","$E$12","0.88400000000000001"
"RBC Capital Model","RBC_LOB_SPLIAB","$G$12","0.89400000000000002"
"RBC Capital Model","RBC_LOB_SPLIAB","$H$12","0.56499999999999995"
"RBC Capital Model","RBC_LOB_SPLIAB","$I$12","0.86299999999999999"
"RBC Capital Model","RBC_LOB_SPPROP","$C$13","0.27200000000000002"
"RBC Capital Model","RBC_LOB_SPPROP","$D$13","0.98499999999999999"
"RBC Capital Model","RBC_LOB_SPPROP","$E$13","0.95399999999999996"
"RBC Capital Model","RBC_LOB_SPPROP","$G$13","0.79500000000000004"
"RBC Capital Model","RBC_LOB_SPPROP","$H$13","0.55200000000000005"
"RBC Capital Model","RBC_LOB_SPPROP","$I$13","0.92200000000000004"
"RBC Capital Model","RBC_LOB_FIDSUR","$C$14","0.58599999999999997"
"RBC Capital Model","RBC_LOB_FIDSUR","$D$14","0.875"
"RBC Capital Model","RBC_LOB_FIDSUR","$E$14","0.90800000000000003"
"RBC Capital Model","RBC_LOB_FIDSUR","$G$14","0.65700000000000003"
"RBC Capital Model","RBC_LOB_FIDSUR","$H$14","0.374"
"RBC Capital Model","RBC_LOB_FIDSUR","$I$14","0.83699999999999997"
"RBC Capital Model","RBC_LOB_HOMEOWN","$C$15","0.22600000000000001"
"RBC Capital Model","RBC_LOB_HOMEOWN","$D$15","0.997"
"RBC Capital Model","RBC_LOB_HOMEOWN","$E$15","0.95099999999999996"
"RBC Capital Model","RBC_LOB_HOMEOWN","$G$15","0.93"
"RBC Capital Model","RBC_LOB_HOMEOWN","$H$15","0.7"
"RBC Capital Model","RBC_LOB_HOMEOWN","$I$15","0.96599999999999997"
"RBC Capital Model","RBC_LOB_OTHLOCC","$C$16","0.496"
"RBC Capital Model","RBC_LOB_OTHLOCC","$D$16","0.995"
"RBC Capital Model","RBC_LOB_OTHLOCC","$E$16","0.86399999999999999"
"RBC Capital Model","RBC_LOB_OTHLOCC","$G$16","0.99299999999999999"
"RBC Capital Model","RBC_LOB_OTHLOCC","$H$16","0.66400000000000003"
"RBC Capital Model","RBC_LOB_OTHLOCC","$I$16","0.92400000000000004"
"RBC Capital Model","RBC_LOB_OTHLCM","$C$17","0.496"
"RBC Capital Model","RBC_LOB_OTHLCM","$D$17","0.995"
"RBC Capital Model","RBC_LOB_OTHLCM","$E$17","0.86399999999999999"
"RBC Capital Model","RBC_LOB_OTHLCM","$G$17","0.99299999999999999"
"RBC Capital Model","RBC_LOB_OTHLCM","$H$17","0.66400000000000003"
"RBC Capital Model","RBC_LOB_OTHLCM","$I$17","0.92400000000000004"
"RBC Capital Model","RBC_LOB_CMP","$C$18","0.47499999999999998"
"RBC Capital Model","RBC_LOB_CMP","$D$18","1.018"
"RBC Capital Model","RBC_LOB_CMP","$E$18","0.89800000000000002"
"RBC Capital Model","RBC_LOB_CMP","$G$18","0.873"
"RBC Capital Model","RBC_LOB_CMP","$H$18","0.68300000000000005"
"RBC Capital Model","RBC_LOB_CMP","$I$18","0.83299999999999996"
"RBC Capital Model","RBC_LOB_CAL","$C$19","0.36"
"RBC Capital Model","RBC_LOB_CAL","$D$19","1.1100000000000001"
"RBC Capital Model","RBC_LOB_CAL","$E$19","0.92600000000000005"
"RBC Capital Model","RBC_LOB_CAL","$G$19","1.014"
"RBC Capital Model","RBC_LOB_CAL","$H$19","0.79200000000000004"
"RBC Capital Model","RBC_LOB_CAL","$I$19","0.93700000000000006"
"RBC Capital Model","RBC_LOB_PLOCC","$C$20","1.226"
"RBC Capital Model","RBC_LOB_PLOCC","$D$20","0.91100000000000003"
"RBC Capital Model","RBC_LOB_PLOCC","$E$20","0.84399999999999997"
"RBC Capital Model","RBC_LOB_PLOCC","$G$20","1.194"
"RBC Capital Model","RBC_LOB_PLOCC","$H$20","0.60899999999999999"
"RBC Capital Model","RBC_LOB_PLOCC","$I$20","0.81100000000000005"
"RBC Capital Model","RBC_LOB_WC","$C$21","0.38200000000000001"
"RBC Capital Model","RBC_LOB_WC","$D$21","0.91200000000000003"
"RBC Capital Model","RBC_LOB_WC","$E$21","0.78300000000000003"
"RBC Capital Model","RBC_LOB_WC","$G$21","1.0369999999999999"
"RBC Capital Model","RBC_LOB_WC","$H$21","0.64900000000000002"
"RBC Capital Model","RBC_LOB_WC","$I$21","0.90300000000000002"
"RBC Capital Model","RBC_LOB_PPA","$C$22","0.20499999999999999"
"RBC Capital Model","RBC_LOB_PPA","$D$22","1.0720000000000001"
"RBC Capital Model","RBC_LOB_PPA","$E$22","0.93700000000000006"
"RBC Capital Model","RBC_LOB_PPA","$G$22","0.97"
"RBC Capital Model","RBC_LOB_PPA","$H$22","0.80700000000000005"
"RBC Capital Model","RBC_LOB_PPA","$I$22","0.96599999999999997"
"RBC Capital Model","RBC_LOB_RNPP","$C$23","0.31900000000000001"
"RBC Capital Model","RBC_LOB_RNPP","$D$23","0.92500000000000004"
"RBC Capital Model","RBC_LOB_RNPP","$E$23","0.91300000000000003"
"RBC Capital Model","RBC_LOB_RNPP","$G$23","0.97299999999999998"
"RBC Capital Model","RBC_LOB_RNPP","$H$23","0.59699999999999998"
"RBC Capital Model","RBC_LOB_RNPP","$I$23","0.92500000000000004"
"RBC Capital Model","RBC_LOB_RNPL","$C$24","0.59599999999999997"
"RBC Capital Model","RBC_LOB_RNPL","$D$24","1.0900000000000001"
"RBC Capital Model","RBC_LOB_RNPL","$E$24","0.79300000000000004"
"RBC Capital Model","RBC_LOB_RNPL","$G$24","1.1830000000000001"
"RBC Capital Model","RBC_LOB_RNPL","$H$24","0.78800000000000003"
"RBC Capital Model","RBC_LOB_RNPL","$I$24","0.91900000000000004"
"RBC Capital Model","RBC_LOB_INTL","$C$25","0.66900000000000004"
"RBC Capital Model","RBC_LOB_INTL","$D$25","1.927"
"RBC Capital Model","RBC_LOB_INTL","$E$25","0.88100000000000001"
"RBC Capital Model","RBC_LOB_INTL","$G$25","1.476"
"RBC Capital Model","RBC_LOB_INTL","$H$25","1.1839999999999999"
"RBC Capital Model","RBC_LOB_INTL","$I$25","0.89100000000000001"
"RBC Capital Model","RBC_LOB_MPLCM","$C$26","0.17199999999999999"
"RBC Capital Model","RBC_LOB_MPLCM","$D$26","1.024"
"RBC Capital Model","RBC_LOB_MPLCM","$E$26","0.89600000000000002"
"RBC Capital Model","RBC_LOB_MPLCM","$G$26","1.1459999999999999"
"RBC Capital Model","RBC_LOB_MPLCM","$H$26","0.84"
"RBC Capital Model","RBC_LOB_MPLCM","$I$26","0.79500000000000004"
"RBC Capital Model","RBC_PROG_1","$C$31","Special Liability"
"RBC Capital Model","RBC_PROG_1","$F$31","0"
"RBC Capital Model","RBC_PROG_2","$C$32","Special Liability"
"RBC Capital Model","RBC_PROG_2","$F$32","0"
"RBC Capital Model","RBC_PROG_3","$C$33","Special Property"
"RBC Capital Model","RBC_PROG_3","$F$33","0"
"RBC Capital Model","RBC_PROG_4","$C$34","Other Liability Occurrence"
"RBC Capital Model","RBC_PROG_4","$F$34","0"
"RBC Capital Model","RBC_PROG_5","$C$35","Special Liability"
"RBC Capital Model","RBC_PROG_5","$F$35","0"
"RBC Capital Model","RBC_PROG_6","$C$36","Special Liability"
"RBC Capital Model","RBC_PROG_6","$F$36","0"
"RBC Capital Model","RBC_PROG_7","$C$37","Special Property"
"RBC Capital Model","RBC_PROG_7","$F$37","0"
"RBC Capital Model","RBC_PROG_8","$C$38","Fidelity and Surety"
"RBC Capital Model","RBC_PROG_8","$F$38","0"
"RBC Capital Model","RBC_PROG_9","$C$39","Special Property"
"RBC Capital Model","RBC_PROG_9","$F$39","0"
"RBC Capital Model","RBC_PROG_10","$C$40","Other Liability Occurrence"
"RBC Capital Model","RBC_PROG_10","$F$40","0"
"RBC Capital Model","RBC_CHG_GOVT","$C$44","3.0000000000000001E-3"
"RBC Capital Model","RBC_CHG_CORP","$C$45","0.01"
"RBC Capital Model","RBC_CHG_MUNI","$C$46","3.0000000000000001E-3"
"RBC Capital Model","RBC_CHG_CASH","$C$47","3.0000000000000001E-3"
"RBC Capital Model","RBC_CHG_LIQUID","$C$48","3.0000000000000001E-3"
"RBC Capital Model","RBC_CHG_EQ","$C$49","0.15"
"RBC Capital Model","RBC_CHG_ALT","$C$50","0.2"
"RBC Capital Model","RBC_CHG_CRED","$C$51","0.1"
"RBC Capital Model","RBC_CHG_UWEXP","$C$52","0.35699999999999998"
"RBC Capital Model","RBC_CHG_EG_FACTOR","$C$53","0"
"RBC Capital Model","RBC_CHG_EG_MULT_RES","$C$54","0.45"
"RBC Capital Model","RBC_CHG_EG_MULT_PREM","$C$55","0.22500000000000001"
"RBC Capital Model","RBC_CHG_CLASS03","$C$56","0.02"
"RBC Capital Model","RBC_CHG_CLASS04","$C$57","4.4999999999999998E-2"
"RBC Capital Model","RBC_CHG_CLASS05","$C$58","0.1"
"RBC Capital Model","RBC_CHG_CLASS06","$C$59","0.3"
"RBC Capital Model","RBC_ASSM_DEV_CAP","$C$60","4"
"RBC Capital Model","RBC_ASSM_LLAE_CAP","$C$61","3"
"RBC Capital Model","RBC_CHG_PROV_PCT","$C$62","0.02"
"RBC Capital Model","RBC_MIR_CORP_C01","$C$104","0"
"RBC Capital Model","RBC_MIR_CORP_C02","$C$105","1"
"RBC Capital Model","RBC_MIR_CORP_C03","$C$106","0"
"RBC Capital Model","RBC_MIR_CORP_C04","$C$107","0"
"RBC Capital Model","RBC_MIR_CORP_C05","$C$108","0"
"RBC Capital Model","RBC_MIR_CORP_C06","$C$109","0"
"Other Revenue Detail","ORD_AVG_PREMIUM","$C$5","50000"
"Other Revenue Detail","ORD_SW_PLATFORM_RATE","$C$6","0"
"Other Revenue Detail","ORD_SW_API_RATE","$C$7","0"
"Other Revenue Detail","ORD_SW_ANALYTICS_RATE","$C$8","0"
"Other Revenue Detail","ORD_FEE_CARRIER_RATE","$C$9","0"
"Other Revenue Detail","ORD_FEE_OVERSIGHT_RATE","$C$10","0"
"Other Revenue Detail","ORD_FEE_POLICY_RATE","$C$11","0"
"Staffing Expense","STF_BENEFITS","$C$28","0.3"
"Staffing Expense","STF_BONUS_UW","$C$31","0.15"
"Staffing Expense","STF_BONUS_CLAIMS","$C$32","0.15"
"Staffing Expense","STF_BONUS_ACTUARY","$C$33","0.15"
"Staffing Expense","STF_BONUS_RI","$C$34","0.15"
"Staffing Expense","STF_BONUS_FINANCE","$C$35","0.15"
"Staffing Expense","STF_BONUS_TECH","$C$36","0.15"
"Staffing Expense","STF_BONUS_SALES","$C$37","0.15"
"Staffing Expense","STF_BONUS_EXEC","$C$38","0.3"
"Staffing Expense","STF_BONUS_OTHER","$C$39","0.1"
"Staffing Expense","STF_EQ_UW","$C$42","0"
"Staffing Expense","STF_EQ_CLAIMS","$C$43","0"
"Staffing Expense","STF_EQ_ACTUARY","$C$44","0"
"Staffing Expense","STF_EQ_RI","$C$45","0"
"Staffing Expense","STF_EQ_FINANCE","$C$46","0"
"Staffing Expense","STF_EQ_TECH","$C$47","0"
"Staffing Expense","STF_EQ_SALES","$C$48","0"
"Staffing Expense","STF_EQ_EXEC","$C$49","0"
"Staffing Expense","STF_EQ_OTHER","$C$50","0"
"Other Expense Detail","OED_PER_TRAIN_RT","$C$8","3000"
"Other Expense Detail","OED_NP_SAAS_RT","$C$14","10000"
"Other Expense Detail","OED_NP_HW_RT","$C$18","2500"
"Sales Funnel","SF_UNIVERSE","$C$5","200"
"Sales Funnel","SF_COH1_NAME","$B$9","Property Direct"
"Sales Funnel","SF_COH1_PCT","$C$9","0.3"
"Sales Funnel","SF_COH1_AVGPREM","$E$9","1500000"
"Sales Funnel","SF_COH1_PRODUCT","$F$9","Property"
"Sales Funnel","SF_COH2_NAME","$B$10","Casualty Programs"
"Sales Funnel","SF_COH2_PCT","$C$10","0.25"
"Sales Funnel","SF_COH2_AVGPREM","$E$10","2000000"
"Sales Funnel","SF_COH2_PRODUCT","$F$10","Casualty"
"Sales Funnel","SF_COH3_NAME","$B$11","Specialty Lines"
"Sales Funnel","SF_COH3_PCT","$C$11","0.25"
"Sales Funnel","SF_COH3_AVGPREM","$E$11","1000000"
"Sales Funnel","SF_COH3_PRODUCT","$F$11","Specialty"
"Sales Funnel","SF_COH4_NAME","$B$12","E&S Lines"
"Sales Funnel","SF_COH4_PCT","$C$12","0.2"
"Sales Funnel","SF_COH4_AVGPREM","$E$12","1800000"
"Sales Funnel","SF_COH4_PRODUCT","$F$12","E&S"
"Sales Funnel","SF_COH5_NAME","$B$13","Cohort 5"
"Sales Funnel","SF_COH5_PCT","$C$13","0"
"Sales Funnel","SF_COH5_AVGPREM","$E$13","0"
"Sales Funnel","SF_COH6_NAME","$B$14","Cohort 6"
"Sales Funnel","SF_COH6_PCT","$C$14","0"
"Sales Funnel","SF_COH6_AVGPREM","$E$14","0"
"Sales Funnel","SF_COH7_NAME","$B$15","Cohort 7"
"Sales Funnel","SF_COH7_PCT","$C$15","0"
"Sales Funnel","SF_COH7_AVGPREM","$E$15","0"
"Sales Funnel","SF_COH8_NAME","$B$16","Cohort 8"
"Sales Funnel","SF_COH8_PCT","$C$16","0"
"Sales Funnel","SF_COH8_AVGPREM","$E$16","0"
"Sales Funnel","SF_COH9_NAME","$B$17","Cohort 9"
"Sales Funnel","SF_COH9_PCT","$C$17","0"
"Sales Funnel","SF_COH9_AVGPREM","$E$17","0"
"Sales Funnel","SF_COH10_NAME","$B$18","Cohort 10"
"Sales Funnel","SF_COH10_PCT","$C$18","0"
"Sales Funnel","SF_COH10_AVGPREM","$E$18","0"
"Sales Funnel","SF_CONTACT","$C$24","0.8"
"Sales Funnel","SF_CONTACT","$D$24","0.75"
"Sales Funnel","SF_CONTACT","$E$24","0.7"
"Sales Funnel","SF_CONTACT","$F$24","0.65"
"Sales Funnel","SF_CONTACT","$G$24","0"
"Sales Funnel","SF_CONTACT","$H$24","0"
"Sales Funnel","SF_CONTACT","$I$24","0"
"Sales Funnel","SF_CONTACT","$J$24","0"
"Sales Funnel","SF_CONTACT","$K$24","0"
"Sales Funnel","SF_CONTACT","$L$24","0"
"Sales Funnel","SF_QUALIFY","$C$25","0.6"
"Sales Funnel","SF_QUALIFY","$D$25","0.55000000000000004"
"Sales Funnel","SF_QUALIFY","$E$25","0.5"
"Sales Funnel","SF_QUALIFY","$F$25","0.45"
"Sales Funnel","SF_QUALIFY","$G$25","0"
"Sales Funnel","SF_QUALIFY","$H$25","0"
"Sales Funnel","SF_QUALIFY","$I$25","0"
"Sales Funnel","SF_QUALIFY","$J$25","0"
"Sales Funnel","SF_QUALIFY","$K$25","0"
"Sales Funnel","SF_QUALIFY","$L$25","0"
"Sales Funnel","SF_QUOTE","$C$26","0.4"
"Sales Funnel","SF_QUOTE","$D$26","0.35"
"Sales Funnel","SF_QUOTE","$E$26","0.3"
"Sales Funnel","SF_QUOTE","$F$26","0.25"
"Sales Funnel","SF_QUOTE","$G$26","0"
"Sales Funnel","SF_QUOTE","$H$26","0"
"Sales Funnel","SF_QUOTE","$I$26","0"
"Sales Funnel","SF_QUOTE","$J$26","0"
"Sales Funnel","SF_QUOTE","$K$26","0"
"Sales Funnel","SF_QUOTE","$L$26","0"
"Sales Funnel","SF_BIND","$C$27","0.25"
"Sales Funnel","SF_BIND","$D$27","0.2"
"Sales Funnel","SF_BIND","$E$27","0.15"
"Sales Funnel","SF_BIND","$F$27","0.1"
"Sales Funnel","SF_BIND","$G$27","0"
"Sales Funnel","SF_BIND","$H$27","0"
"Sales Funnel","SF_BIND","$I$27","0"
"Sales Funnel","SF_BIND","$J$27","0"
"Sales Funnel","SF_BIND","$K$27","0"
"Sales Funnel","SF_BIND","$L$27","0"
"Sales Funnel","SF_BIND_QTR","$C$28","1"
"Sales Funnel","SF_BIND_QTR","$D$28","2"
"Sales Funnel","SF_BIND_QTR","$E$28","3"
"Sales Funnel","SF_BIND_QTR","$F$28","4"
"Sales Funnel","SF_BIND_QTR","$G$28","0"
"Sales Funnel","SF_BIND_QTR","$H$28","0"
"Sales Funnel","SF_BIND_QTR","$I$28","0"
"Sales Funnel","SF_BIND_QTR","$J$28","0"
"Sales Funnel","SF_BIND_QTR","$K$28","0"
"Sales Funnel","SF_BIND_QTR","$L$28","0"
"Sales Funnel","SF_RENEWAL","$C$29","0.85"
"Sales Funnel","SF_RENEWAL","$D$29","0.8"
"Sales Funnel","SF_RENEWAL","$E$29","0.75"
"Sales Funnel","SF_RENEWAL","$F$29","0.7"
"Sales Funnel","SF_RENEWAL","$G$29","0"
"Sales Funnel","SF_RENEWAL","$H$29","0"
"Sales Funnel","SF_RENEWAL","$I$29","0"
"Sales Funnel","SF_RENEWAL","$J$29","0"
"Sales Funnel","SF_RENEWAL","$K$29","0"
"Sales Funnel","SF_RENEWAL","$L$29","0"
"Sales Funnel","SF_GROWTH","$C$30","0.03"
"Sales Funnel","SF_GROWTH","$D$30","0.02"
"Sales Funnel","SF_GROWTH","$E$30","0.01"
"Sales Funnel","SF_GROWTH","$F$30","0"
"Sales Funnel","SF_GROWTH","$G$30","0"
"Sales Funnel","SF_GROWTH","$H$30","0"
"Sales Funnel","SF_GROWTH","$I$30","0"
"Sales Funnel","SF_GROWTH","$J$30","0"
"Sales Funnel","SF_GROWTH","$K$30","0"
"Sales Funnel","SF_GROWTH","$L$30","0"
